ID,organic,cation,anion
1851,Ethylammonium,Ge,F
1852,Ethylammonium,Ge,F
1853,Ethylammonium,Ge,F
1854,Ethylammonium,Ge,F
1855,Ethylammonium,Ge,F
1856,Ethylammonium,Ge,F
1857,Ethylammonium,Ge,F
1858,Ethylammonium,Ge,F
1859,Ethylammonium,Ge,F
1860,Propylammonium,Ge,F
1861,Propylammonium,Ge,F
1862,Propylammonium,Ge,F
1863,Propylammonium,Ge,F
1864,Propylammonium,Ge,F
1865,Propylammonium,Ge,F
1866,Propylammonium,Ge,F
1867,Propylammonium,Ge,F
1868,Butylammonium,Ge,F
1869,Butylammonium,Ge,F
1870,Butylammonium,Ge,F
1871,Butylammonium,Ge,F
1872,Isopropylammonium,Ge,F
1873,Isopropylammonium,Ge,F
1874,Isopropylammonium,Ge,F
1875,Isopropylammonium,Ge,F
1876,Isopropylammonium,Ge,F
1877,Isopropylammonium,Ge,F
1878,Isopropylammonium,Ge,F
1879,Isopropylammonium,Ge,F
1880,Isopropylammonium,Ge,F
1881,Dimethylammonium,Ge,F
1882,Dimethylammonium,Ge,F
1883,Dimethylammonium,Ge,F
1884,Dimethylammonium,Ge,F
1885,Dimethylammonium,Ge,F
1886,Acetamidinium,Ge,F
1887,Acetamidinium,Ge,F
1888,Acetamidinium,Ge,F
1889,Acetamidinium,Ge,F
1890,Acetamidinium,Ge,F
1891,Acetamidinium,Ge,F
1892,Methylammonium,Ge,F
1893,Methylammonium,Ge,F
1894,Methylammonium,Ge,F
1895,Methylammonium,Ge,F
1896,Methylammonium,Ge,F
1897,Methylammonium,Ge,F
1898,Guanidinium,Ge,F
1899,Guanidinium,Ge,F
1900,Guanidinium,Ge,F
1901,Hydroxylammonium,Ge,F
1902,Hydroxylammonium,Ge,F
1903,Hydroxylammonium,Ge,F
1904,Hydroxylammonium,Ge,F
1905,Hydroxylammonium,Ge,F
1906,Hydroxylammonium,Ge,F
1907,Hydroxylammonium,Ge,F
1908,Formamidinium,Ge,F
1909,Formamidinium,Ge,F
1910,Tetramethylammonium,Ge,F
1911,Tetramethylammonium,Ge,F
1912,Hydrazinium,Ge,F
1913,Hydrazinium,Ge,F
1914,Hydrazinium,Ge,F
1915,Hydrazinium,Ge,F
1916,Hydrazinium,Ge,F
1917,Hydrazinium,Ge,F
1918,Hydrazinium,Ge,F
1919,Hydrazinium,Ge,F
1920,Ammonium,Ge,F
1921,Ammonium,Ge,F
1922,Trimethylammonium,Ge,F
1923,Trimethylammonium,Ge,F
1924,Trimethylammonium,Ge,F
1925,Trimethylammonium,Ge,F
1926,Trimethylammonium,Ge,F
1927,Trimethylammonium,Ge,F
1928,Trimethylammonium,Ge,F
1929,Azetidinium,Ge,F
1930,Azetidinium,Ge,F
1931,Azetidinium,Ge,F
1932,Azetidinium,Ge,F
1933,Azetidinium,Ge,F
1934,Azetidinium,Ge,F
1935,Azetidinium,Ge,F
1936,Azetidinium,Ge,F
1937,Azetidinium,Ge,F
1938,Azetidinium,Ge,F
1939,Azetidinium,Ge,F
1940,Azetidinium,Ge,F
1941,Azetidinium,Ge,F
1942,Imidazolium,Ge,F
1943,Imidazolium,Ge,F
1944,Imidazolium,Ge,F
1945,Imidazolium,Ge,F
1946,Imidazolium,Ge,F
1947,Imidazolium,Ge,F
1948,Ethylammonium,Ge,Cl
1949,Ethylammonium,Ge,Cl
1950,Ethylammonium,Ge,Cl
1951,Ethylammonium,Ge,Cl
1952,Ethylammonium,Ge,Cl
1953,Ethylammonium,Ge,Cl
1954,Ethylammonium,Ge,Cl
1955,Ethylammonium,Ge,Cl
1956,Ethylammonium,Ge,Cl
1957,Ethylammonium,Ge,Cl
1958,Propylammonium,Ge,Cl
1959,Propylammonium,Ge,Cl
1960,Propylammonium,Ge,Cl
1961,Propylammonium,Ge,Cl
1962,Propylammonium,Ge,Cl
1963,Propylammonium,Ge,Cl
1964,Propylammonium,Ge,Cl
1965,Propylammonium,Ge,Cl
1966,Propylammonium,Ge,Cl
1967,Propylammonium,Ge,Cl
1968,Propylammonium,Ge,Cl
1969,Butylammonium,Ge,Cl
1970,Butylammonium,Ge,Cl
1971,Butylammonium,Ge,Cl
1972,Isopropylammonium,Ge,Cl
1973,Isopropylammonium,Ge,Cl
1974,Isopropylammonium,Ge,Cl
1975,Propylammonium,Ge,Cl
1976,Isopropylammonium,Ge,Cl
1977,Isopropylammonium,Ge,Cl
1978,Isopropylammonium,Ge,Cl
1979,Isopropylammonium,Ge,Cl
1980,Dimethylammonium,Ge,Cl
1981,Dimethylammonium,Ge,Cl
1982,Dimethylammonium,Ge,Cl
1983,Dimethylammonium,Ge,Cl
1984,Dimethylammonium,Ge,Cl
1985,Dimethylammonium,Ge,Cl
1986,Dimethylammonium,Ge,Cl
1987,Acetamidinium,Ge,Cl
1988,Acetamidinium,Ge,Cl
1989,Acetamidinium,Ge,Cl
1990,Acetamidinium,Ge,Cl
1991,Acetamidinium,Ge,Cl
1992,Methylammonium,Ge,Cl
1993,Methylammonium,Ge,Cl
1994,Methylammonium,Ge,Cl
1995,Methylammonium,Ge,Cl
1996,Methylammonium,Ge,Cl
1997,Guanidinium,Ge,Cl
1998,Guanidinium,Ge,Cl
1999,Guanidinium,Ge,Cl
2000,Hydroxylammonium,Ge,Cl
2001,Hydroxylammonium,Ge,Cl
2002,Hydroxylammonium,Ge,Cl
2003,Hydroxylammonium,Ge,Cl
2004,Hydroxylammonium,Ge,Cl
2005,Hydroxylammonium,Ge,Cl
2006,Hydroxylammonium,Ge,Cl
2007,Formamidinium,Ge,Cl
2008,Formamidinium,Ge,Cl
2009,Formamidinium,Ge,Cl
2010,Tetramethylammonium,Ge,Cl
2011,Tetramethylammonium,Ge,Cl
2012,Tetramethylammonium,Ge,Cl
2013,Hydrazinium,Ge,Cl
2014,Hydrazinium,Ge,Cl
2015,Hydrazinium,Ge,Cl
2016,Hydrazinium,Ge,Cl
2017,Hydrazinium,Ge,Cl
2018,Hydrazinium,Ge,Cl
2019,Hydrazinium,Ge,Cl
2020,Hydrazinium,Ge,Cl
2021,Hydrazinium,Ge,Cl
2022,Hydrazinium,Ge,Cl
2023,Ammonium,Ge,Cl
2024,Ammonium,Ge,Cl
2025,Trimethylammonium,Ge,Cl
2026,Trimethylammonium,Ge,Cl
2027,Trimethylammonium,Ge,Cl
2028,Trimethylammonium,Ge,Cl
2029,Trimethylammonium,Ge,Cl
2030,Trimethylammonium,Ge,Cl
2031,Trimethylammonium,Ge,Cl
2032,Trimethylammonium,Ge,Cl
2033,Azetidinium,Ge,Cl
2034,Azetidinium,Ge,Cl
2035,Azetidinium,Ge,Cl
2036,Azetidinium,Ge,Cl
2037,Azetidinium,Ge,Cl
2038,Azetidinium,Ge,Cl
2039,Azetidinium,Ge,Cl
2040,Azetidinium,Ge,Cl
2041,Azetidinium,Ge,Cl
2042,Azetidinium,Ge,Cl
2043,Azetidinium,Ge,Cl
2044,Azetidinium,Ge,Cl
2045,Azetidinium,Ge,Cl
2046,Azetidinium,Ge,Cl
2047,Imidazolium,Ge,Cl
2048,Imidazolium,Ge,Cl
2049,Imidazolium,Ge,Cl
2050,Imidazolium,Ge,Cl
2051,Imidazolium,Ge,Cl
2052,Imidazolium,Ge,Cl
2053,Ethylammonium,Ge,Br
2054,Ethylammonium,Ge,Br
2055,Ethylammonium,Ge,Br
2056,Ethylammonium,Ge,Br
2057,Ethylammonium,Ge,Br
2058,Ethylammonium,Ge,Br
2059,Ethylammonium,Ge,Br
2060,Ethylammonium,Ge,Br
2061,Ethylammonium,Ge,Br
2062,Ethylammonium,Ge,Br
2063,Ethylammonium,Ge,Br
2064,Propylammonium,Ge,Br
2065,Propylammonium,Ge,Br
2066,Propylammonium,Ge,Br
2067,Propylammonium,Ge,Br
2068,Propylammonium,Ge,Br
2069,Propylammonium,Ge,Br
2070,Propylammonium,Ge,Br
2071,Propylammonium,Ge,Br
2072,Propylammonium,Ge,Br
2073,Propylammonium,Ge,Br
2074,Propylammonium,Ge,Br
2075,Propylammonium,Ge,Br
2076,Propylammonium,Ge,Br
2077,Butylammonium,Ge,Br
2078,Butylammonium,Ge,Br
2079,Butylammonium,Ge,Br
2080,Isopropylammonium,Ge,Br
2081,Isopropylammonium,Ge,Br
2082,Isopropylammonium,Ge,Br
2083,Isopropylammonium,Ge,Br
2084,Isopropylammonium,Ge,Br
2085,Isopropylammonium,Ge,Br
2086,Isopropylammonium,Ge,Br
2087,Isopropylammonium,Ge,Br
2088,Isopropylammonium,Ge,Br
2089,Dimethylammonium,Ge,Br
2090,Dimethylammonium,Ge,Br
2091,Dimethylammonium,Ge,Br
2092,Dimethylammonium,Ge,Br
2093,Dimethylammonium,Ge,Br
2094,Dimethylammonium,Ge,Br
2095,Dimethylammonium,Ge,Br
2096,Dimethylammonium,Ge,Br
2097,Dimethylammonium,Ge,Br
2098,Acetamidinium,Ge,Br
2099,Acetamidinium,Ge,Br
2100,Acetamidinium,Ge,Br
2101,Acetamidinium,Ge,Br
2102,Acetamidinium,Ge,Br
2103,Acetamidinium,Ge,Br
2104,Methylammonium,Ge,Br
2105,Methylammonium,Ge,Br
2106,Methylammonium,Ge,Br
2107,Methylammonium,Ge,Br
2108,Methylammonium,Ge,Br
2109,Methylammonium,Ge,Br
2110,Guanidinium,Ge,Br
2111,Guanidinium,Ge,Br
2112,Guanidinium,Ge,Br
2113,Hydroxylammonium,Ge,Br
2114,Hydroxylammonium,Ge,Br
2115,Hydroxylammonium,Ge,Br
2116,Hydroxylammonium,Ge,Br
2117,Hydroxylammonium,Ge,Br
2118,Hydroxylammonium,Ge,Br
2119,Hydroxylammonium,Ge,Br
2120,Formamidinium,Ge,Br
2121,Formamidinium,Ge,Br
2122,Formamidinium,Ge,Br
2123,Tetramethylammonium,Ge,Br
2124,Tetramethylammonium,Ge,Br
2125,Tetramethylammonium,Ge,Br
2126,Hydrazinium,Ge,Br
2127,Hydrazinium,Ge,Br
2128,Hydrazinium,Ge,Br
2129,Hydrazinium,Ge,Br
2130,Hydrazinium,Ge,Br
2131,Hydrazinium,Ge,Br
2132,Hydrazinium,Ge,Br
2133,Hydrazinium,Ge,Br
2134,Hydrazinium,Ge,Br
2135,Hydrazinium,Ge,Br
2136,Hydrazinium,Ge,Br
2137,Ammonium,Ge,Br
2138,Ammonium,Ge,Br
2139,Ammonium,Ge,Br
2140,Ammonium,Ge,Br
2141,Trimethylammonium,Ge,Br
2142,Trimethylammonium,Ge,Br
2143,Trimethylammonium,Ge,Br
2144,Trimethylammonium,Ge,Br
2145,Trimethylammonium,Ge,Br
2146,Trimethylammonium,Ge,Br
2147,Trimethylammonium,Ge,Br
2148,Trimethylammonium,Ge,Br
2149,Trimethylammonium,Ge,Br
2150,Azetidinium,Ge,Br
2151,Azetidinium,Ge,Br
2152,Azetidinium,Ge,Br
2153,Azetidinium,Ge,Br
2154,Azetidinium,Ge,Br
2155,Azetidinium,Ge,Br
2156,Azetidinium,Ge,Br
2157,Azetidinium,Ge,Br
2158,Azetidinium,Ge,Br
2159,Azetidinium,Ge,Br
2160,Azetidinium,Ge,Br
2161,Azetidinium,Ge,Br
2162,Azetidinium,Ge,Br
2163,Azetidinium,Ge,Br
2164,Azetidinium,Ge,Br
2165,Azetidinium,Ge,Br
2166,Imidazolium,Ge,Br
2167,Imidazolium,Ge,Br
2168,Imidazolium,Ge,Br
2169,Imidazolium,Ge,Br
2170,Imidazolium,Ge,Br
2171,Imidazolium,Ge,Br
2172,Imidazolium,Ge,Br
2173,Imidazolium,Ge,Br
2174,Ethylammonium,Ge,I
2175,Ethylammonium,Ge,I
2176,Ethylammonium,Ge,I
2177,Ethylammonium,Ge,I
2178,Ethylammonium,Ge,I
2179,Ethylammonium,Ge,I
2180,Ethylammonium,Ge,I
2181,Ethylammonium,Ge,I
2182,Ethylammonium,Ge,I
2183,Ethylammonium,Ge,I
2184,Ethylammonium,Ge,I
2185,Ethylammonium,Ge,I
2186,Propylammonium,Ge,I
2187,Propylammonium,Ge,I
2188,Propylammonium,Ge,I
2189,Propylammonium,Ge,I
2190,Propylammonium,Ge,I
2191,Propylammonium,Ge,I
2192,Propylammonium,Ge,I
2193,Propylammonium,Ge,I
2194,Propylammonium,Ge,I
2195,Propylammonium,Ge,I
2196,Propylammonium,Ge,I
2197,Propylammonium,Ge,I
2198,Butylammonium,Ge,I
2199,Butylammonium,Ge,I
2200,Butylammonium,Ge,I
2201,Butylammonium,Ge,I
2202,Isopropylammonium,Ge,I
2203,Isopropylammonium,Ge,I
2204,Isopropylammonium,Ge,I
2205,Isopropylammonium,Ge,I
2206,Isopropylammonium,Ge,I
2207,Isopropylammonium,Ge,I
2208,Isopropylammonium,Ge,I
2209,Isopropylammonium,Ge,I
2210,Isopropylammonium,Ge,I
2211,Isopropylammonium,Ge,I
2212,Dimethylammonium,Ge,I
2213,Dimethylammonium,Ge,I
2214,Dimethylammonium,Ge,I
2215,Dimethylammonium,Ge,I
2216,Dimethylammonium,Ge,I
2217,Dimethylammonium,Ge,I
2218,Dimethylammonium,Ge,I
2219,Dimethylammonium,Ge,I
2220,Acetamidinium,Ge,I
2221,Acetamidinium,Ge,I
2222,Acetamidinium,Ge,I
2223,Acetamidinium,Ge,I
2224,Acetamidinium,Ge,I
2225,Acetamidinium,Ge,I
2226,Methylammonium,Ge,I
2227,Methylammonium,Ge,I
2228,Methylammonium,Ge,I
2229,Methylammonium,Ge,I
2230,Methylammonium,Ge,I
2231,Methylammonium,Ge,I
2232,Guanidinium,Ge,I
2233,Guanidinium,Ge,I
2234,Guanidinium,Ge,I
2235,Hydroxylammonium,Ge,I
2236,Hydroxylammonium,Ge,I
2237,Hydroxylammonium,Ge,I
2238,Hydroxylammonium,Ge,I
2239,Hydroxylammonium,Ge,I
2240,Hydroxylammonium,Ge,I
2241,Hydroxylammonium,Ge,I
2242,Formamidinium,Ge,I
2243,Formamidinium,Ge,I
2244,Formamidinium,Ge,I
2245,Tetramethylammonium,Ge,I
2246,Tetramethylammonium,Ge,I
2247,Hydrazinium,Ge,I
2248,Hydrazinium,Ge,I
2249,Hydrazinium,Ge,I
2250,Hydrazinium,Ge,I
2251,Hydrazinium,Ge,I
2252,Hydrazinium,Ge,I
2253,Hydrazinium,Ge,I
2254,Hydrazinium,Ge,I
2255,Hydrazinium,Ge,I
2256,Hydrazinium,Ge,I
2257,Hydrazinium,Ge,I
2258,Ammonium,Ge,I
2259,Ammonium,Ge,I
2260,Ammonium,Ge,I
2261,Trimethylammonium,Ge,I
2262,Trimethylammonium,Ge,I
2263,Trimethylammonium,Ge,I
2264,Trimethylammonium,Ge,I
2265,Trimethylammonium,Ge,I
2266,Trimethylammonium,Ge,I
2267,Trimethylammonium,Ge,I
2268,Trimethylammonium,Ge,I
2269,Trimethylammonium,Ge,I
2270,Azetidinium,Ge,I
2271,Azetidinium,Ge,I
2272,Azetidinium,Ge,I
2273,Azetidinium,Ge,I
2274,Azetidinium,Ge,I
2275,Azetidinium,Ge,I
2276,Azetidinium,Ge,I
2277,Azetidinium,Ge,I
2278,Azetidinium,Ge,I
2279,Azetidinium,Ge,I
2280,Azetidinium,Ge,I
2281,Azetidinium,Ge,I
2282,Azetidinium,Ge,I
2283,Azetidinium,Ge,I
2284,Azetidinium,Ge,I
2285,Imidazolium,Ge,I
2286,Imidazolium,Ge,I
2287,Imidazolium,Ge,I
2288,Imidazolium,Ge,I
2289,Imidazolium,Ge,I
2290,Imidazolium,Ge,I
2291,Imidazolium,Ge,I
2292,Imidazolium,Ge,I
2293,Ethylammonium,Sn,F
2294,Ethylammonium,Sn,F
2295,Ethylammonium,Sn,F
2296,Ethylammonium,Sn,F
2297,Ethylammonium,Sn,F
2298,Ethylammonium,Sn,F
2299,Ethylammonium,Sn,F
2300,Ethylammonium,Sn,F
2301,Ethylammonium,Sn,F
2302,Ethylammonium,Sn,F
2303,Ethylammonium,Sn,F
2304,Propylammonium,Sn,F
2305,Propylammonium,Sn,F
2306,Propylammonium,Sn,F
2307,Propylammonium,Sn,F
2308,Propylammonium,Sn,F
2309,Propylammonium,Sn,F
2310,Propylammonium,Sn,F
2311,Propylammonium,Sn,F
2312,Propylammonium,Sn,F
2313,Propylammonium,Sn,F
2314,Butylammonium,Sn,F
2315,Butylammonium,Sn,F
2316,Butylammonium,Sn,F
2317,Butylammonium,Sn,F
2318,Isopropylammonium,Sn,F
2319,Isopropylammonium,Sn,F
2320,Isopropylammonium,Sn,F
2321,Isopropylammonium,Sn,F
2322,Isopropylammonium,Sn,F
2323,Isopropylammonium,Sn,F
2324,Isopropylammonium,Sn,F
2325,Isopropylammonium,Sn,F
2326,Isopropylammonium,Sn,F
2327,Dimethylammonium,Sn,F
2328,Dimethylammonium,Sn,F
2329,Dimethylammonium,Sn,F
2330,Dimethylammonium,Sn,F
2331,Dimethylammonium,Sn,F
2332,Dimethylammonium,Sn,F
2333,Dimethylammonium,Sn,F
2334,Dimethylammonium,Sn,F
2335,Dimethylammonium,Sn,F
2336,Acetamidinium,Sn,F
2337,Acetamidinium,Sn,F
2338,Acetamidinium,Sn,F
2339,Acetamidinium,Sn,F
2340,Acetamidinium,Sn,F
2341,Acetamidinium,Sn,F
2342,Methylammonium,Sn,F
2343,Methylammonium,Sn,F
2344,Methylammonium,Sn,F
2345,Methylammonium,Sn,F
2346,Methylammonium,Sn,F
2347,Methylammonium,Sn,F
2348,Guanidinium,Sn,F
2349,Guanidinium,Sn,F
2350,Hydroxylammonium,Sn,F
2351,Hydroxylammonium,Sn,F
2352,Hydroxylammonium,Sn,F
2353,Hydroxylammonium,Sn,F
2354,Hydroxylammonium,Sn,F
2355,Formamidinium,Sn,F
2356,Formamidinium,Sn,F
2357,Tetramethylammonium,Sn,F
2358,Hydrazinium,Sn,F
2359,Hydrazinium,Sn,F
2360,Hydrazinium,Sn,F
2361,Hydrazinium,Sn,F
2362,Hydrazinium,Sn,F
2363,Hydrazinium,Sn,F
2364,Hydrazinium,Sn,F
2365,Hydrazinium,Sn,F
2366,Ammonium,Sn,F
2367,Ammonium,Sn,F
2368,Ammonium,Sn,F
2369,Trimethylammonium,Sn,F
2370,Trimethylammonium,Sn,F
2371,Trimethylammonium,Sn,F
2372,Trimethylammonium,Sn,F
2373,Trimethylammonium,Sn,F
2374,Trimethylammonium,Sn,F
2375,Trimethylammonium,Sn,F
2376,Azetidinium,Sn,F
2377,Azetidinium,Sn,F
2378,Azetidinium,Sn,F
2379,Azetidinium,Sn,F
2380,Azetidinium,Sn,F
2381,Azetidinium,Sn,F
2382,Azetidinium,Sn,F
2383,Azetidinium,Sn,F
2384,Azetidinium,Sn,F
2385,Azetidinium,Sn,F
2386,Azetidinium,Sn,F
2387,Azetidinium,Sn,F
2388,Azetidinium,Sn,F
2389,Azetidinium,Sn,F
2390,Imidazolium,Sn,F
2391,Imidazolium,Sn,F
2392,Imidazolium,Sn,F
2393,Imidazolium,Sn,F
2394,Imidazolium,Sn,F
2395,Imidazolium,Sn,F
2396,Imidazolium,Sn,F
2397,Imidazolium,Sn,F
2398,Imidazolium,Sn,F
2399,Ethylammonium,Sn,Cl
2400,Ethylammonium,Sn,Cl
2401,Ethylammonium,Sn,Cl
2402,Ethylammonium,Sn,Cl
2403,Ethylammonium,Sn,Cl
2404,Ethylammonium,Sn,Cl
2405,Ethylammonium,Sn,Cl
2406,Ethylammonium,Sn,Cl
2407,Ethylammonium,Sn,Cl
2408,Ethylammonium,Sn,Cl
2409,Ethylammonium,Sn,Cl
2410,Propylammonium,Sn,Cl
2411,Propylammonium,Sn,Cl
2412,Propylammonium,Sn,Cl
2413,Propylammonium,Sn,Cl
2414,Propylammonium,Sn,Cl
2415,Propylammonium,Sn,Cl
2416,Propylammonium,Sn,Cl
2417,Propylammonium,Sn,Cl
2418,Propylammonium,Sn,Cl
2419,Propylammonium,Sn,Cl
2420,Propylammonium,Sn,Cl
2421,Propylammonium,Sn,Cl
2422,Propylammonium,Sn,Cl
2423,Butylammonium,Sn,Cl
2424,Butylammonium,Sn,Cl
2425,Butylammonium,Sn,Cl
2426,Isopropylammonium,Sn,Cl
2427,Isopropylammonium,Sn,Cl
2428,Isopropylammonium,Sn,Cl
2429,Isopropylammonium,Sn,Cl
2430,Isopropylammonium,Sn,Cl
2431,Propylammonium,Sn,Cl
2432,Isopropylammonium,Sn,Cl
2433,Isopropylammonium,Sn,Cl
2434,Isopropylammonium,Sn,Cl
2435,Dimethylammonium,Sn,Cl
2436,Dimethylammonium,Sn,Cl
2437,Dimethylammonium,Sn,Cl
2438,Dimethylammonium,Sn,Cl
2439,Dimethylammonium,Sn,Cl
2440,Dimethylammonium,Sn,Cl
2441,Dimethylammonium,Sn,Cl
2442,Dimethylammonium,Sn,Cl
2443,Acetamidinium,Sn,Cl
2444,Acetamidinium,Sn,Cl
2445,Acetamidinium,Sn,Cl
2446,Acetamidinium,Sn,Cl
2447,Acetamidinium,Sn,Cl
2448,Acetamidinium,Sn,Cl
2449,Methylammonium,Sn,Cl
2450,Methylammonium,Sn,Cl
2451,Methylammonium,Sn,Cl
2452,Methylammonium,Sn,Cl
2453,Methylammonium,Sn,Cl
2454,Methylammonium,Sn,Cl
2455,Guanidinium,Sn,Cl
2456,Guanidinium,Sn,Cl
2457,Hydroxylammonium,Sn,Cl
2458,Hydroxylammonium,Sn,Cl
2459,Hydroxylammonium,Sn,Cl
2460,Hydroxylammonium,Sn,Cl
2461,Hydroxylammonium,Sn,Cl
2462,Hydroxylammonium,Sn,Cl
2463,Formamidinium,Sn,Cl
2464,Formamidinium,Sn,Cl
2465,Formamidinium,Sn,Cl
2466,Tetramethylammonium,Sn,Cl
2467,Tetramethylammonium,Sn,Cl
2468,Tetramethylammonium,Sn,Cl
2469,Hydrazinium,Sn,Cl
2470,Hydrazinium,Sn,Cl
2471,Hydrazinium,Sn,Cl
2472,Hydrazinium,Sn,Cl
2473,Hydrazinium,Sn,Cl
2474,Hydrazinium,Sn,Cl
2475,Hydrazinium,Sn,Cl
2476,Hydrazinium,Sn,Cl
2477,Hydrazinium,Sn,Cl
2478,Hydrazinium,Sn,Cl
2479,Hydrazinium,Sn,Cl
2480,Ammonium,Sn,Cl
2481,Ammonium,Sn,Cl
2482,Ammonium,Sn,Cl
2483,Ammonium,Sn,Cl
2484,Trimethylammonium,Sn,Cl
2485,Trimethylammonium,Sn,Cl
2486,Trimethylammonium,Sn,Cl
2487,Trimethylammonium,Sn,Cl
2488,Trimethylammonium,Sn,Cl
2489,Trimethylammonium,Sn,Cl
2490,Trimethylammonium,Sn,Cl
2491,Trimethylammonium,Sn,Cl
2492,Trimethylammonium,Sn,Cl
2493,Trimethylammonium,Sn,Cl
2494,Azetidinium,Sn,Cl
2495,Azetidinium,Sn,Cl
2496,Azetidinium,Sn,Cl
2497,Azetidinium,Sn,Cl
2498,Azetidinium,Sn,Cl
2499,Azetidinium,Sn,Cl
2500,Azetidinium,Sn,Cl
2501,Azetidinium,Sn,Cl
2502,Azetidinium,Sn,Cl
2503,Azetidinium,Sn,Cl
2504,Azetidinium,Sn,Cl
2505,Azetidinium,Sn,Cl
2506,Azetidinium,Sn,Cl
2507,Azetidinium,Sn,Cl
2508,Azetidinium,Sn,Cl
2509,Azetidinium,Sn,Cl
2510,Azetidinium,Sn,Cl
2511,Imidazolium,Sn,Cl
2512,Imidazolium,Sn,Cl
2513,Imidazolium,Sn,Cl
2514,Imidazolium,Sn,Cl
2515,Imidazolium,Sn,Cl
2516,Imidazolium,Sn,Cl
2517,Imidazolium,Sn,Cl
2518,Imidazolium,Sn,Cl
2519,Ethylammonium,Sn,Br
2520,Ethylammonium,Sn,Br
2521,Ethylammonium,Sn,Br
2522,Ethylammonium,Sn,Br
2523,Ethylammonium,Sn,Br
2524,Ethylammonium,Sn,Br
2525,Ethylammonium,Sn,Br
2526,Ethylammonium,Sn,Br
2527,Ethylammonium,Sn,Br
2528,Ethylammonium,Sn,Br
2529,Ethylammonium,Sn,Br
2530,Ethylammonium,Sn,Br
2531,Propylammonium,Sn,Br
2532,Propylammonium,Sn,Br
2533,Propylammonium,Sn,Br
2534,Propylammonium,Sn,Br
2535,Propylammonium,Sn,Br
2536,Propylammonium,Sn,Br
2537,Propylammonium,Sn,Br
2538,Propylammonium,Sn,Br
2539,Propylammonium,Sn,Br
2540,Propylammonium,Sn,Br
2541,Propylammonium,Sn,Br
2542,Propylammonium,Sn,Br
2543,Propylammonium,Sn,Br
2544,Butylammonium,Sn,Br
2545,Butylammonium,Sn,Br
2546,Butylammonium,Sn,Br
2547,Isopropylammonium,Sn,Br
2548,Isopropylammonium,Sn,Br
2549,Isopropylammonium,Sn,Br
2550,Isopropylammonium,Sn,Br
2551,Isopropylammonium,Sn,Br
2552,Isopropylammonium,Sn,Br
2553,Isopropylammonium,Sn,Br
2554,Isopropylammonium,Sn,Br
2555,Isopropylammonium,Sn,Br
2556,Isopropylammonium,Sn,Br
2557,Isopropylammonium,Sn,Br
2558,Dimethylammonium,Sn,Br
2559,Dimethylammonium,Sn,Br
2560,Dimethylammonium,Sn,Br
2561,Dimethylammonium,Sn,Br
2562,Dimethylammonium,Sn,Br
2563,Dimethylammonium,Sn,Br
2564,Dimethylammonium,Sn,Br
2565,Acetamidinium,Sn,Br
2566,Acetamidinium,Sn,Br
2567,Acetamidinium,Sn,Br
2568,Acetamidinium,Sn,Br
2569,Acetamidinium,Sn,Br
2570,Acetamidinium,Sn,Br
2571,Acetamidinium,Sn,Br
2572,Methylammonium,Sn,Br
2573,Methylammonium,Sn,Br
2574,Methylammonium,Sn,Br
2575,Methylammonium,Sn,Br
2576,Methylammonium,Sn,Br
2577,Methylammonium,Sn,Br
2578,Guanidinium,Sn,Br
2579,Guanidinium,Sn,Br
2580,Guanidinium,Sn,Br
2581,Hydroxylammonium,Sn,Br
2582,Hydroxylammonium,Sn,Br
2583,Hydroxylammonium,Sn,Br
2584,Hydroxylammonium,Sn,Br
2585,Hydroxylammonium,Sn,Br
2586,Hydroxylammonium,Sn,Br
2587,Hydroxylammonium,Sn,Br
2588,Formamidinium,Sn,Br
2589,Formamidinium,Sn,Br
2590,Formamidinium,Sn,Br
2591,Tetramethylammonium,Sn,Br
2592,Tetramethylammonium,Sn,Br
2593,Tetramethylammonium,Sn,Br
2594,Hydrazinium,Sn,Br
2595,Hydrazinium,Sn,Br
2596,Hydrazinium,Sn,Br
2597,Hydrazinium,Sn,Br
2598,Hydrazinium,Sn,Br
2599,Hydrazinium,Sn,Br
2600,Hydrazinium,Sn,Br
2601,Hydrazinium,Sn,Br
2602,Hydrazinium,Sn,Br
2603,Hydrazinium,Sn,Br
2604,Hydrazinium,Sn,Br
2605,Hydrazinium,Sn,Br
2606,Ammonium,Sn,Br
2607,Ammonium,Sn,Br
2608,Ammonium,Sn,Br
2609,Trimethylammonium,Sn,Br
2610,Trimethylammonium,Sn,Br
2611,Trimethylammonium,Sn,Br
2612,Trimethylammonium,Sn,Br
2613,Trimethylammonium,Sn,Br
2614,Trimethylammonium,Sn,Br
2615,Trimethylammonium,Sn,Br
2616,Trimethylammonium,Sn,Br
2617,Trimethylammonium,Sn,Br
2618,Trimethylammonium,Sn,Br
2619,Trimethylammonium,Sn,Br
2620,Azetidinium,Sn,Br
2621,Azetidinium,Sn,Br
2622,Azetidinium,Sn,Br
2623,Azetidinium,Sn,Br
2624,Azetidinium,Sn,Br
2625,Azetidinium,Sn,Br
2626,Azetidinium,Sn,Br
2627,Azetidinium,Sn,Br
2628,Azetidinium,Sn,Br
2629,Azetidinium,Sn,Br
2630,Azetidinium,Sn,Br
2631,Azetidinium,Sn,Br
2632,Azetidinium,Sn,Br
2633,Azetidinium,Sn,Br
2634,Azetidinium,Sn,Br
2635,Azetidinium,Sn,Br
2636,Imidazolium,Sn,Br
2637,Imidazolium,Sn,Br
2638,Imidazolium,Sn,Br
2639,Imidazolium,Sn,Br
2640,Imidazolium,Sn,Br
2641,Imidazolium,Sn,Br
2642,Imidazolium,Sn,Br
2643,Ethylammonium,Sn,I
2644,Ethylammonium,Sn,I
2645,Ethylammonium,Sn,I
2646,Ethylammonium,Sn,I
2647,Ethylammonium,Sn,I
2648,Ethylammonium,Sn,I
2649,Ethylammonium,Sn,I
2650,Ethylammonium,Sn,I
2651,Ethylammonium,Sn,I
2652,Ethylammonium,Sn,I
2653,Ethylammonium,Sn,I
2654,Ethylammonium,Sn,I
2655,Propylammonium,Sn,I
2656,Propylammonium,Sn,I
2657,Propylammonium,Sn,I
2658,Propylammonium,Sn,I
2659,Propylammonium,Sn,I
2660,Propylammonium,Sn,I
2661,Propylammonium,Sn,I
2662,Propylammonium,Sn,I
2663,Propylammonium,Sn,I
2664,Propylammonium,Sn,I
2665,Propylammonium,Sn,I
2666,Propylammonium,Sn,I
2667,Butylammonium,Sn,I
2668,Butylammonium,Sn,I
2669,Butylammonium,Sn,I
2670,Isopropylammonium,Sn,I
2671,Isopropylammonium,Sn,I
2672,Isopropylammonium,Sn,I
2673,Isopropylammonium,Sn,I
2674,Isopropylammonium,Sn,I
2675,Propylammonium,Sn,I
2676,Isopropylammonium,Sn,I
2677,Isopropylammonium,Sn,I
2678,Isopropylammonium,Sn,I
2679,Dimethylammonium,Sn,I
2680,Dimethylammonium,Sn,I
2681,Dimethylammonium,Sn,I
2682,Dimethylammonium,Sn,I
2683,Dimethylammonium,Sn,I
2684,Dimethylammonium,Sn,I
2685,Dimethylammonium,Sn,I
2686,Dimethylammonium,Sn,I
2687,Acetamidinium,Sn,I
2688,Acetamidinium,Sn,I
2689,Acetamidinium,Sn,I
2690,Acetamidinium,Sn,I
2691,Acetamidinium,Sn,I
2692,Acetamidinium,Sn,I
2693,Methylammonium,Sn,I
2694,Methylammonium,Sn,I
2695,Methylammonium,Sn,I
2696,Methylammonium,Sn,I
2697,Methylammonium,Sn,I
2698,Methylammonium,Sn,I
2699,Guanidinium,Sn,I
2700,Guanidinium,Sn,I
2701,Guanidinium,Sn,I
2702,Hydroxylammonium,Sn,I
2703,Hydroxylammonium,Sn,I
2704,Hydroxylammonium,Sn,I
2705,Hydroxylammonium,Sn,I
2706,Hydroxylammonium,Sn,I
2707,Hydroxylammonium,Sn,I
2708,Hydroxylammonium,Sn,I
2709,Formamidinium,Sn,I
2710,Formamidinium,Sn,I
2711,Formamidinium,Sn,I
2712,Tetramethylammonium,Sn,I
2713,Tetramethylammonium,Sn,I
2714,Hydrazinium,Sn,I
2715,Hydrazinium,Sn,I
2716,Hydrazinium,Sn,I
2717,Hydrazinium,Sn,I
2718,Hydrazinium,Sn,I
2719,Hydrazinium,Sn,I
2720,Hydrazinium,Sn,I
2721,Hydrazinium,Sn,I
2722,Hydrazinium,Sn,I
2723,Hydrazinium,Sn,I
2724,Hydrazinium,Sn,I
2725,Ammonium,Sn,I
2726,Ammonium,Sn,I
2727,Ammonium,Sn,I
2728,Ammonium,Sn,I
2729,Trimethylammonium,Sn,I
2730,Trimethylammonium,Sn,I
2731,Trimethylammonium,Sn,I
2732,Trimethylammonium,Sn,I
2733,Trimethylammonium,Sn,I
2734,Trimethylammonium,Sn,I
2735,Trimethylammonium,Sn,I
2736,Trimethylammonium,Sn,I
2737,Trimethylammonium,Sn,I
2738,Trimethylammonium,Sn,I
2739,Trimethylammonium,Sn,I
2740,Azetidinium,Sn,I
2741,Azetidinium,Sn,I
2742,Azetidinium,Sn,I
2743,Azetidinium,Sn,I
2744,Azetidinium,Sn,I
2745,Azetidinium,Sn,I
2746,Azetidinium,Sn,I
2747,Azetidinium,Sn,I
2748,Azetidinium,Sn,I
2749,Azetidinium,Sn,I
2750,Azetidinium,Sn,I
2751,Azetidinium,Sn,I
2752,Azetidinium,Sn,I
2753,Azetidinium,Sn,I
2754,Azetidinium,Sn,I
2755,Azetidinium,Sn,I
2756,Imidazolium,Sn,I
2757,Imidazolium,Sn,I
2758,Imidazolium,Sn,I
2759,Imidazolium,Sn,I
2760,Imidazolium,Sn,I
2761,Imidazolium,Sn,I
2762,Imidazolium,Sn,I
2763,Imidazolium,Sn,I
2764,Imidazolium,Sn,I
2765,Ethylammonium,Pb,F
2766,Ethylammonium,Pb,F
2767,Ethylammonium,Pb,F
2768,Ethylammonium,Pb,F
2769,Ethylammonium,Pb,F
2770,Ethylammonium,Pb,F
2771,Ethylammonium,Pb,F
2772,Ethylammonium,Pb,F
2773,Ethylammonium,Pb,F
2774,Ethylammonium,Pb,F
2775,Ethylammonium,Pb,F
2776,Ethylammonium,Pb,F
2777,Propylammonium,Pb,F
2778,Propylammonium,Pb,F
2779,Propylammonium,Pb,F
2780,Propylammonium,Pb,F
2781,Propylammonium,Pb,F
2782,Propylammonium,Pb,F
2783,Propylammonium,Pb,F
2784,Propylammonium,Pb,F
2785,Propylammonium,Pb,F
2786,Propylammonium,Pb,F
2787,Propylammonium,Pb,F
2788,Butylammonium,Pb,F
2789,Butylammonium,Pb,F
2790,Isopropylammonium,Pb,F
2791,Isopropylammonium,Pb,F
2792,Isopropylammonium,Pb,F
2793,Isopropylammonium,Pb,F
2794,Isopropylammonium,Pb,F
2795,Isopropylammonium,Pb,F
2796,Isopropylammonium,Pb,F
2797,Isopropylammonium,Pb,F
2798,Isopropylammonium,Pb,F
2799,Isopropylammonium,Pb,F
2800,Isopropylammonium,Pb,F
2801,Isopropylammonium,Pb,F
2802,Dimethylammonium,Pb,F
2803,Dimethylammonium,Pb,F
2804,Dimethylammonium,Pb,F
2805,Dimethylammonium,Pb,F
2806,Dimethylammonium,Pb,F
2807,Acetamidinium,Pb,F
2808,Acetamidinium,Pb,F
2809,Acetamidinium,Pb,F
2810,Acetamidinium,Pb,F
2811,Acetamidinium,Pb,F
2812,Methylammonium,Pb,F
2813,Methylammonium,Pb,F
2814,Methylammonium,Pb,F
2815,Methylammonium,Pb,F
2816,Methylammonium,Pb,F
2817,Methylammonium,Pb,F
2818,Guanidinium,Pb,F
2819,Guanidinium,Pb,F
2820,Hydroxylammonium,Pb,F
2821,Hydroxylammonium,Pb,F
2822,Hydroxylammonium,Pb,F
2823,Hydroxylammonium,Pb,F
2824,Hydroxylammonium,Pb,F
2825,Hydroxylammonium,Pb,F
2826,Hydroxylammonium,Pb,F
2827,Formamidinium,Pb,F
2828,Formamidinium,Pb,F
2829,Tetramethylammonium,Pb,F
2830,Hydrazinium,Pb,F
2831,Hydrazinium,Pb,F
2832,Hydrazinium,Pb,F
2833,Hydrazinium,Pb,F
2834,Hydrazinium,Pb,F
2835,Hydrazinium,Pb,F
2836,Hydrazinium,Pb,F
2837,Hydrazinium,Pb,F
2838,Ammonium,Pb,F
2839,Ammonium,Pb,F
2840,Trimethylammonium,Pb,F
2841,Trimethylammonium,Pb,F
2842,Trimethylammonium,Pb,F
2843,Trimethylammonium,Pb,F
2844,Trimethylammonium,Pb,F
2845,Trimethylammonium,Pb,F
2846,Trimethylammonium,Pb,F
2847,Trimethylammonium,Pb,F
2848,Trimethylammonium,Pb,F
2849,Azetidinium,Pb,F
2850,Azetidinium,Pb,F
2851,Azetidinium,Pb,F
2852,Azetidinium,Pb,F
2853,Azetidinium,Pb,F
2854,Azetidinium,Pb,F
2855,Azetidinium,Pb,F
2856,Azetidinium,Pb,F
2857,Azetidinium,Pb,F
2858,Imidazolium,Pb,F
2859,Imidazolium,Pb,F
2860,Imidazolium,Pb,F
2861,Imidazolium,Pb,F
2862,Imidazolium,Pb,F
2863,Imidazolium,Pb,F
2864,Ethylammonium,Pb,Cl
2865,Ethylammonium,Pb,Cl
2866,Ethylammonium,Pb,Cl
2867,Ethylammonium,Pb,Cl
2868,Ethylammonium,Pb,Cl
2869,Ethylammonium,Pb,Cl
2870,Ethylammonium,Pb,Cl
2871,Ethylammonium,Pb,Cl
2872,Ethylammonium,Pb,Cl
2873,Ethylammonium,Pb,Cl
2874,Propylammonium,Pb,Cl
2875,Propylammonium,Pb,Cl
2876,Propylammonium,Pb,Cl
2877,Propylammonium,Pb,Cl
2878,Propylammonium,Pb,Cl
2879,Propylammonium,Pb,Cl
2880,Propylammonium,Pb,Cl
2881,Propylammonium,Pb,Cl
2882,Propylammonium,Pb,Cl
2883,Propylammonium,Pb,Cl
2884,Butylammonium,Pb,Cl
2885,Butylammonium,Pb,Cl
2886,Butylammonium,Pb,Cl
2887,Butylammonium,Pb,Cl
2888,Isopropylammonium,Pb,Cl
2889,Isopropylammonium,Pb,Cl
2890,Isopropylammonium,Pb,Cl
2891,Isopropylammonium,Pb,Cl
2892,Isopropylammonium,Pb,Cl
2893,Isopropylammonium,Pb,Cl
2894,Propylammonium,Pb,Cl
2895,Isopropylammonium,Pb,Cl
2896,Isopropylammonium,Pb,Cl
2897,Isopropylammonium,Pb,Cl
2898,Isopropylammonium,Pb,Cl
2899,Dimethylammonium,Pb,Cl
2900,Dimethylammonium,Pb,Cl
2901,Dimethylammonium,Pb,Cl
2902,Dimethylammonium,Pb,Cl
2903,Dimethylammonium,Pb,Cl
2904,Dimethylammonium,Pb,Cl
2905,Dimethylammonium,Pb,Cl
2906,Acetamidinium,Pb,Cl
2907,Acetamidinium,Pb,Cl
2908,Acetamidinium,Pb,Cl
2909,Acetamidinium,Pb,Cl
2910,Acetamidinium,Pb,Cl
2911,Acetamidinium,Pb,Cl
2912,Methylammonium,Pb,Cl
2913,Methylammonium,Pb,Cl
2914,Methylammonium,Pb,Cl
2915,Methylammonium,Pb,Cl
2916,Methylammonium,Pb,Cl
2917,Guanidinium,Pb,Cl
2918,Guanidinium,Pb,Cl
2919,Guanidinium,Pb,Cl
2920,Hydroxylammonium,Pb,Cl
2921,Hydroxylammonium,Pb,Cl
2922,Hydroxylammonium,Pb,Cl
2923,Hydroxylammonium,Pb,Cl
2924,Hydroxylammonium,Pb,Cl
2925,Hydroxylammonium,Pb,Cl
2926,Formamidinium,Pb,Cl
2927,Formamidinium,Pb,Cl
2928,Formamidinium,Pb,Cl
2929,Tetramethylammonium,Pb,Cl
2930,Tetramethylammonium,Pb,Cl
2931,Tetramethylammonium,Pb,Cl
2932,Hydrazinium,Pb,Cl
2933,Hydrazinium,Pb,Cl
2934,Hydrazinium,Pb,Cl
2935,Hydrazinium,Pb,Cl
2936,Hydrazinium,Pb,Cl
2937,Hydrazinium,Pb,Cl
2938,Hydrazinium,Pb,Cl
2939,Hydrazinium,Pb,Cl
2940,Hydrazinium,Pb,Cl
2941,Ammonium,Pb,Cl
2942,Ammonium,Pb,Cl
2943,Trimethylammonium,Pb,Cl
2944,Trimethylammonium,Pb,Cl
2945,Trimethylammonium,Pb,Cl
2946,Trimethylammonium,Pb,Cl
2947,Trimethylammonium,Pb,Cl
2948,Trimethylammonium,Pb,Cl
2949,Trimethylammonium,Pb,Cl
2950,Trimethylammonium,Pb,Cl
2951,Trimethylammonium,Pb,Cl
2952,Trimethylammonium,Pb,Cl
2953,Trimethylammonium,Pb,Cl
2954,Azetidinium,Pb,Cl
2955,Azetidinium,Pb,Cl
2956,Azetidinium,Pb,Cl
2957,Azetidinium,Pb,Cl
2958,Azetidinium,Pb,Cl
2959,Azetidinium,Pb,Cl
2960,Azetidinium,Pb,Cl
2961,Azetidinium,Pb,Cl
2962,Azetidinium,Pb,Cl
2963,Azetidinium,Pb,Cl
2964,Azetidinium,Pb,Cl
2965,Azetidinium,Pb,Cl
2966,Azetidinium,Pb,Cl
2967,Imidazolium,Pb,Cl
2968,Imidazolium,Pb,Cl
2969,Imidazolium,Pb,Cl
2970,Imidazolium,Pb,Cl
2971,Imidazolium,Pb,Cl
2972,Imidazolium,Pb,Cl
2973,Imidazolium,Pb,Cl
2974,Ethylammonium,Pb,Br
2975,Ethylammonium,Pb,Br
2976,Ethylammonium,Pb,Br
2977,Ethylammonium,Pb,Br
2978,Ethylammonium,Pb,Br
2979,Ethylammonium,Pb,Br
2980,Ethylammonium,Pb,Br
2981,Ethylammonium,Pb,Br
2982,Ethylammonium,Pb,Br
2983,Ethylammonium,Pb,Br
2984,Propylammonium,Pb,Br
2985,Propylammonium,Pb,Br
2986,Propylammonium,Pb,Br
2987,Propylammonium,Pb,Br
2988,Propylammonium,Pb,Br
2989,Propylammonium,Pb,Br
2990,Propylammonium,Pb,Br
2991,Propylammonium,Pb,Br
2992,Propylammonium,Pb,Br
2993,Propylammonium,Pb,Br
2994,Propylammonium,Pb,Br
2995,Butylammonium,Pb,Br
2996,Butylammonium,Pb,Br
2997,Butylammonium,Pb,Br
2998,Butylammonium,Pb,Br
2999,Isopropylammonium,Pb,Br
3000,Isopropylammonium,Pb,Br
3001,Isopropylammonium,Pb,Br
3002,Isopropylammonium,Pb,Br
3003,Isopropylammonium,Pb,Br
3004,Isopropylammonium,Pb,Br
3005,Isopropylammonium,Pb,Br
3006,Isopropylammonium,Pb,Br
3007,Dimethylammonium,Pb,Br
3008,Dimethylammonium,Pb,Br
3009,Dimethylammonium,Pb,Br
3010,Dimethylammonium,Pb,Br
3011,Dimethylammonium,Pb,Br
3012,Dimethylammonium,Pb,Br
3013,Dimethylammonium,Pb,Br
3014,Acetamidinium,Pb,Br
3015,Acetamidinium,Pb,Br
3016,Acetamidinium,Pb,Br
3017,Acetamidinium,Pb,Br
3018,Acetamidinium,Pb,Br
3019,Acetamidinium,Pb,Br
3020,Methylammonium,Pb,Br
3021,Methylammonium,Pb,Br
3022,Methylammonium,Pb,Br
3023,Methylammonium,Pb,Br
3024,Methylammonium,Pb,Br
3025,Guanidinium,Pb,Br
3026,Guanidinium,Pb,Br
3027,Guanidinium,Pb,Br
3028,Hydroxylammonium,Pb,Br
3029,Hydroxylammonium,Pb,Br
3030,Hydroxylammonium,Pb,Br
3031,Hydroxylammonium,Pb,Br
3032,Hydroxylammonium,Pb,Br
3033,Hydroxylammonium,Pb,Br
3034,Hydroxylammonium,Pb,Br
3035,Formamidinium,Pb,Br
3036,Formamidinium,Pb,Br
3037,Formamidinium,Pb,Br
3038,Tetramethylammonium,Pb,Br
3039,Tetramethylammonium,Pb,Br
3040,Tetramethylammonium,Pb,Br
3041,Hydrazinium,Pb,Br
3042,Hydrazinium,Pb,Br
3043,Hydrazinium,Pb,Br
3044,Hydrazinium,Pb,Br
3045,Hydrazinium,Pb,Br
3046,Hydrazinium,Pb,Br
3047,Hydrazinium,Pb,Br
3048,Hydrazinium,Pb,Br
3049,Ammonium,Pb,Br
3050,Ammonium,Pb,Br
3051,Ammonium,Pb,Br
3052,Trimethylammonium,Pb,Br
3053,Trimethylammonium,Pb,Br
3054,Trimethylammonium,Pb,Br
3055,Trimethylammonium,Pb,Br
3056,Trimethylammonium,Pb,Br
3057,Trimethylammonium,Pb,Br
3058,Trimethylammonium,Pb,Br
3059,Trimethylammonium,Pb,Br
3060,Trimethylammonium,Pb,Br
3061,Azetidinium,Pb,Br
3062,Azetidinium,Pb,Br
3063,Azetidinium,Pb,Br
3064,Azetidinium,Pb,Br
3065,Azetidinium,Pb,Br
3066,Azetidinium,Pb,Br
3067,Azetidinium,Pb,Br
3068,Azetidinium,Pb,Br
3069,Azetidinium,Pb,Br
3070,Azetidinium,Pb,Br
3071,Azetidinium,Pb,Br
3072,Azetidinium,Pb,Br
3073,Azetidinium,Pb,Br
3074,Imidazolium,Pb,Br
3075,Imidazolium,Pb,Br
3076,Imidazolium,Pb,Br
3077,Imidazolium,Pb,Br
3078,Imidazolium,Pb,Br
3079,Ethylammonium,Pb,I
3080,Ethylammonium,Pb,I
3081,Ethylammonium,Pb,I
3082,Ethylammonium,Pb,I
3083,Ethylammonium,Pb,I
3084,Ethylammonium,Pb,I
3085,Ethylammonium,Pb,I
3086,Ethylammonium,Pb,I
3087,Ethylammonium,Pb,I
3088,Ethylammonium,Pb,I
3089,Ethylammonium,Pb,I
3090,Propylammonium,Pb,I
3091,Propylammonium,Pb,I
3092,Propylammonium,Pb,I
3093,Propylammonium,Pb,I
3094,Propylammonium,Pb,I
3095,Propylammonium,Pb,I
3096,Propylammonium,Pb,I
3097,Propylammonium,Pb,I
3098,Propylammonium,Pb,I
3099,Propylammonium,Pb,I
3100,Propylammonium,Pb,I
3101,Propylammonium,Pb,I
3102,Propylammonium,Pb,I
3103,Butylammonium,Pb,I
3104,Butylammonium,Pb,I
3105,Butylammonium,Pb,I
3106,Butylammonium,Pb,I
3107,Isopropylammonium,Pb,I
3108,Isopropylammonium,Pb,I
3109,Isopropylammonium,Pb,I
3110,Isopropylammonium,Pb,I
3111,Isopropylammonium,Pb,I
3112,Isopropylammonium,Pb,I
3113,Isopropylammonium,Pb,I
3114,Isopropylammonium,Pb,I
3115,Isopropylammonium,Pb,I
3116,Isopropylammonium,Pb,I
3117,Dimethylammonium,Pb,I
3118,Dimethylammonium,Pb,I
3119,Dimethylammonium,Pb,I
3120,Dimethylammonium,Pb,I
3121,Dimethylammonium,Pb,I
3122,Dimethylammonium,Pb,I
3123,Dimethylammonium,Pb,I
3124,Acetamidinium,Pb,I
3125,Acetamidinium,Pb,I
3126,Acetamidinium,Pb,I
3127,Acetamidinium,Pb,I
3128,Acetamidinium,Pb,I
3129,Acetamidinium,Pb,I
3130,Methylammonium,Pb,I
3131,Methylammonium,Pb,I
3132,Methylammonium,Pb,I
3133,Methylammonium,Pb,I
3134,Methylammonium,Pb,I
3135,Methylammonium,Pb,I
3136,Guanidinium,Pb,I
3137,Guanidinium,Pb,I
3138,Guanidinium,Pb,I
3139,Hydroxylammonium,Pb,I
3140,Hydroxylammonium,Pb,I
3141,Hydroxylammonium,Pb,I
3142,Hydroxylammonium,Pb,I
3143,Hydroxylammonium,Pb,I
3144,Hydroxylammonium,Pb,I
3145,Hydroxylammonium,Pb,I
3146,Formamidinium,Pb,I
3147,Formamidinium,Pb,I
3148,Formamidinium,Pb,I
3149,Tetramethylammonium,Pb,I
3150,Tetramethylammonium,Pb,I
3151,Tetramethylammonium,Pb,I
3152,Hydrazinium,Pb,I
3153,Hydrazinium,Pb,I
3154,Hydrazinium,Pb,I
3155,Hydrazinium,Pb,I
3156,Hydrazinium,Pb,I
3157,Hydrazinium,Pb,I
3158,Hydrazinium,Pb,I
3159,Hydrazinium,Pb,I
3160,Hydrazinium,Pb,I
3161,Ammonium,Pb,I
3162,Ammonium,Pb,I
3163,Ammonium,Pb,I
3164,Trimethylammonium,Pb,I
3165,Trimethylammonium,Pb,I
3166,Trimethylammonium,Pb,I
3167,Trimethylammonium,Pb,I
3168,Trimethylammonium,Pb,I
3169,Trimethylammonium,Pb,I
3170,Trimethylammonium,Pb,I
3171,Trimethylammonium,Pb,I
3172,Trimethylammonium,Pb,I
3173,Trimethylammonium,Pb,I
3174,Trimethylammonium,Pb,I
3175,Trimethylammonium,Pb,I
3176,Azetidinium,Pb,I
3177,Azetidinium,Pb,I
3178,Azetidinium,Pb,I
3179,Azetidinium,Pb,I
3180,Azetidinium,Pb,I
3181,Azetidinium,Pb,I
3182,Azetidinium,Pb,I
3183,Azetidinium,Pb,I
3184,Azetidinium,Pb,I
3185,Azetidinium,Pb,I
3186,Azetidinium,Pb,I
3187,Azetidinium,Pb,I
3188,Azetidinium,Pb,I
3189,Azetidinium,Pb,I
3190,Azetidinium,Pb,I
3191,Imidazolium,Pb,I
3192,Imidazolium,Pb,I
3193,Imidazolium,Pb,I
3194,Imidazolium,Pb,I
3195,Imidazolium,Pb,I
3196,Imidazolium,Pb,I
